path	role	status	scope	stage	class	hunk	lines_minus_plus	basis
rebuild/m3/w7-preview/today/today-app.cjs	released	M	declared	A	R	-34 +35	0/5	Track A declared cut row (substitution/replace/wrapper/banner/compose; regions.json, cut.cjs)
rebuild/m3/w7-preview/today/today-app.cjs	released	M	declared	A	R	-362 +367	4/22	Track A declared cut row (substitution/replace/wrapper/banner/compose; regions.json, cut.cjs)
rebuild/m3/w7-preview/today/today-app.cjs	released	M	declared	A	M	-370 +392	15/0	Track A pure move: lines leave to a sealed sibling
rebuild/m3/w7-preview/today/today-app.cjs	released	M	declared	A	M	-392 +399	1/0	Track A pure move: lines leave to a sealed sibling
rebuild/m3/w7-preview/today/today-app.cjs	released	M	declared	A	R	-410 +417	13/1	Track A declared cut row (substitution/replace/wrapper/banner/compose; regions.json, cut.cjs)
rebuild/m3/w7-preview/today/today-app.cjs	released	M	declared	A	M	-432 +426	10/0	Track A pure move: lines leave to a sealed sibling
rebuild/m3/w7-preview/today/today-app.cjs	released	M	declared	A	M	-454 +438	1/0	Track A pure move: lines leave to a sealed sibling
rebuild/m3/w7-preview/today/today-app.cjs	released	M	declared	A	M	-459 +442	16/0	Track A pure move: lines leave to a sealed sibling
rebuild/m3/w7-preview/today/today-app.cjs	released	M	declared	A	R	-477 +446	0/3	Track A declared cut row (substitution/replace/wrapper/banner/compose; regions.json, cut.cjs)
rebuild/m3/w7-preview/today/today-app.cjs	released	M	declared	A	R	-482 +453	1/1	Track A declared cut row (substitution/replace/wrapper/banner/compose; regions.json, cut.cjs)
rebuild/m3/w7-preview/today/today-app.cjs	released	M	declared	A	M	-484 +454	20/0	Track A pure move: lines leave to a sealed sibling
rebuild/m3/w7-preview/today/today-app.cjs	released	M	declared	A	M	-505 +455	4/0	Track A pure move: lines leave to a sealed sibling
rebuild/m3/w7-preview/today/today-app.cjs	released	M	declared	A	R	-510 +456	32/0	Track A declared cut row (substitution/replace/wrapper/banner/compose; regions.json, cut.cjs)
rebuild/m3/w7-preview/today/today-app.cjs	released	M	declared	A	R	-543 +458	25/1	Track A declared cut row (substitution/replace/wrapper/banner/compose; regions.json, cut.cjs)
rebuild/m3/w7-preview/today/today-app.cjs	released	M	declared	A	M	-569 +459	23/0	Track A pure move: lines leave to a sealed sibling
rebuild/m3/w7-preview/today/today-app.cjs	released	M	declared	A	R	-593 +460	26/0	Track A declared cut row (substitution/replace/wrapper/banner/compose; regions.json, cut.cjs)
rebuild/m3/w7-preview/today/today-app.cjs	released	M	declared	A	R	-628 +469	16/0	Track A declared cut row (substitution/replace/wrapper/banner/compose; regions.json, cut.cjs)
rebuild/m3/w7-preview/today/today-app.cjs	released	M	declared	A	R	-652 +478	2/2	Track A declared cut row (substitution/replace/wrapper/banner/compose; regions.json, cut.cjs)
rebuild/m3/w7-preview/today/today-app.cjs	released	M	declared	A	R	-668 +494	1/1	Track A declared cut row (substitution/replace/wrapper/banner/compose; regions.json, cut.cjs)
rebuild/m3/w7-preview/today/today-app.cjs	released	M	declared	A	R	-678 +504	1/1	Track A declared cut row (substitution/replace/wrapper/banner/compose; regions.json, cut.cjs)
rebuild/m3/w7-preview/today/today-app.cjs	released	M	declared	A	R	-688 +513	14/0	Track A declared cut row (substitution/replace/wrapper/banner/compose; regions.json, cut.cjs)
rebuild/m3/w7-preview/today/today-app.cjs	released	M	declared	A	R	-711 +523	1/1	Track A declared cut row (substitution/replace/wrapper/banner/compose; regions.json, cut.cjs)
rebuild/m3/w7-preview/today/today-app.cjs	released	M	declared	A	R	-718 +530	2/2	Track A declared cut row (substitution/replace/wrapper/banner/compose; regions.json, cut.cjs)
rebuild/m3/w7-preview/today/today-app.cjs	released	M	declared	A	R	-737 +549	2/2	Track A declared cut row (substitution/replace/wrapper/banner/compose; regions.json, cut.cjs)
rebuild/m3/w7-preview/today/today-app.cjs	released	M	declared	A	M	-767 +578	1/0	Track A pure move: lines leave to a sealed sibling
rebuild/m3/w7-preview/today/today-app.cjs	released	M	declared	A	R	-770 +581	1/1	Track A declared cut row (substitution/replace/wrapper/banner/compose; regions.json, cut.cjs)
rebuild/m3/w7-preview/today/today-app.cjs	released	M	declared	A	R	-775 +585	16/0	Track A declared cut row (substitution/replace/wrapper/banner/compose; regions.json, cut.cjs)
rebuild/m3/w7-preview/today/today-app.cjs	released	M	declared	A	R	-826 +621	1/1	Track A declared cut row (substitution/replace/wrapper/banner/compose; regions.json, cut.cjs)
rebuild/m3/w7-preview/today/today-app.cjs	released	M	declared	A	R	-888 +683	1/1	Track A declared cut row (substitution/replace/wrapper/banner/compose; regions.json, cut.cjs)
rebuild/m3/w7-preview/today/today-app.cjs	released	M	declared	A	R	-950 +745	1/1	Track A declared cut row (substitution/replace/wrapper/banner/compose; regions.json, cut.cjs)
rebuild/m3/w7-preview/today/today-app.cjs	released	M	declared	A	R	-955 +750	1/1	Track A declared cut row (substitution/replace/wrapper/banner/compose; regions.json, cut.cjs)
rebuild/m3/w7-preview/today/today-app.cjs	released	M	declared	A	R	-992 +787	1/1	Track A declared cut row (substitution/replace/wrapper/banner/compose; regions.json, cut.cjs)
rebuild/m3/w7-preview/today/today-app.cjs	released	M	declared	A	R	-1049 +844	1/1	Track A declared cut row (substitution/replace/wrapper/banner/compose; regions.json, cut.cjs)
rebuild/m3/w7-preview/today/today-app.cjs	released	M	declared	A	R	-1055 +850	2/2	Track A declared cut row (substitution/replace/wrapper/banner/compose; regions.json, cut.cjs)
rebuild/m3/w7-preview/today/today-app.cjs	released	M	declared	A	R	-1060 +855	1/1	Track A declared cut row (substitution/replace/wrapper/banner/compose; regions.json, cut.cjs)
rebuild/m3/w7-preview/today/today-app.cjs	released	M	declared	A	R	-1166 +961	1/1	Track A declared cut row (substitution/replace/wrapper/banner/compose; regions.json, cut.cjs)
rebuild/m3/w7-preview/today/today-app.cjs	released	M	declared	A	R	-1181 +976	3/3	Track A declared cut row (substitution/replace/wrapper/banner/compose; regions.json, cut.cjs)
rebuild/m3/w7-preview/today/today-app.cjs	released	M	declared	A	R	-1221 +1016	1/1	Track A declared cut row (substitution/replace/wrapper/banner/compose; regions.json, cut.cjs)
rebuild/m3/w7-preview/today/today-app.cjs	released	M	declared	A	R	-1253 +1048	3/3	Track A declared cut row (substitution/replace/wrapper/banner/compose; regions.json, cut.cjs)
rebuild/m3/w7-preview/today/today-app.cjs	released	M	declared	A	R	-1257 +1052	1/1	Track A declared cut row (substitution/replace/wrapper/banner/compose; regions.json, cut.cjs)
rebuild/m3/w7-preview/today/today-app.cjs	released	M	declared	A	R	-1259 +1054	1/1	Track A declared cut row (substitution/replace/wrapper/banner/compose; regions.json, cut.cjs)
rebuild/m3/w7-preview/today/today-app.cjs	released	M	declared	A	R	-1262 +1057	3/3	Track A declared cut row (substitution/replace/wrapper/banner/compose; regions.json, cut.cjs)
rebuild/m3/w7-preview/today/today-app.cjs	released	M	declared	A	R	-1268 +1063	3/3	Track A declared cut row (substitution/replace/wrapper/banner/compose; regions.json, cut.cjs)
rebuild/m3/w7-preview/today/today-app.cjs	released	M	declared	A	R	-1273 +1068	1/1	Track A declared cut row (substitution/replace/wrapper/banner/compose; regions.json, cut.cjs)
rebuild/m3/w7-preview/today/today-app.cjs	released	M	declared	A	R	-1279 +1073	42/0	Track A declared cut row (substitution/replace/wrapper/banner/compose; regions.json, cut.cjs)
rebuild/m3/w7-preview/today/today-app.cjs	released	M	declared	A	R	-1325 +1077	11/0	Track A declared cut row (substitution/replace/wrapper/banner/compose; regions.json, cut.cjs)
rebuild/m3/w7-preview/today/today-app.cjs	released	M	declared	A	M	-1374 +1115	4/0	Track A pure move: lines leave to a sealed sibling
rebuild/m3/w7-preview/today/today-app.cjs	released	M	declared	A	M	-1385 +1122	10/0	Track A pure move: lines leave to a sealed sibling
rebuild/m3/w7-preview/today/today-app.cjs	released	M	declared	A	R	-1405 +1133	3/3	Track A declared cut row (substitution/replace/wrapper/banner/compose; regions.json, cut.cjs)
rebuild/m3/w7-preview/today/today-app.cjs	released	M	declared	A	R	-1411 +1138	18/0	Track A declared cut row (substitution/replace/wrapper/banner/compose; regions.json, cut.cjs)
rebuild/m3/w7-preview/today/today-app.cjs	released	M	declared	A	R	-1430 +1140	1/1	Track A declared cut row (substitution/replace/wrapper/banner/compose; regions.json, cut.cjs)
rebuild/m3/w7-preview/today/today-app.cjs	released	M	declared	A	R	-1436 +1146	1/1	Track A declared cut row (substitution/replace/wrapper/banner/compose; regions.json, cut.cjs)
rebuild/m3/w7-preview/today/today-app.cjs	released	M	declared	A	R	-1439 +1149	2/2	Track A declared cut row (substitution/replace/wrapper/banner/compose; regions.json, cut.cjs)
rebuild/m3/w7-preview/today/today-app.cjs	released	M	declared	A	R	-1446 +1156	1/1	Track A declared cut row (substitution/replace/wrapper/banner/compose; regions.json, cut.cjs)
rebuild/m3/w7-preview/today/today-app.cjs	released	M	declared	A	M	-1451 +1160	4/0	Track A pure move: lines leave to a sealed sibling
rebuild/m3/w7-preview/today/today-app.cjs	released	M	declared	A	R	-1475 +1181	1/1	Track A declared cut row (substitution/replace/wrapper/banner/compose; regions.json, cut.cjs)
rebuild/m3/w7-preview/today/today-app.cjs	released	M	declared	A	R	-1477 +1183	1/1	Track A declared cut row (substitution/replace/wrapper/banner/compose; regions.json, cut.cjs)
rebuild/m3/w7-preview/today/today-app.cjs	released	M	declared	A	R	-1489 +1195	2/2	Track A declared cut row (substitution/replace/wrapper/banner/compose; regions.json, cut.cjs)
rebuild/m3/w7-preview/today/today-app.cjs	released	M	declared	A	R	-1493 +1199	2/2	Track A declared cut row (substitution/replace/wrapper/banner/compose; regions.json, cut.cjs)
rebuild/m3/w7-preview/today/today-app.cjs	released	M	declared	A	R	-1497 +1203	2/2	Track A declared cut row (substitution/replace/wrapper/banner/compose; regions.json, cut.cjs)
rebuild/m3/w7-preview/today/today-app.cjs	released	M	declared	A	R	-1518 +1224	1/1	Track A declared cut row (substitution/replace/wrapper/banner/compose; regions.json, cut.cjs)
rebuild/m3/w7-preview/today/today-app.cjs	released	M	declared	A	R	-1536 +1242	2/2	Track A declared cut row (substitution/replace/wrapper/banner/compose; regions.json, cut.cjs)
rebuild/m3/w7-preview/today/today-app.cjs	released	M	declared	A	R	-1539 +1245	5/2	Track A declared cut row (substitution/replace/wrapper/banner/compose; regions.json, cut.cjs)
rebuild/m3/w7-preview/today/today-app.cjs	released	M	declared	A	R	-1550 +1253	1/1	Track A declared cut row (substitution/replace/wrapper/banner/compose; regions.json, cut.cjs)
rebuild/m3/w7-preview/today/today-app.cjs	released	M	declared	A	R	-1560 +1263	4/2	Track A declared cut row (substitution/replace/wrapper/banner/compose; regions.json, cut.cjs)
rebuild/m3/w7-preview/today/today-app.cjs	released	M	declared	A	R	-1575 +1276	1/1	Track A declared cut row (substitution/replace/wrapper/banner/compose; regions.json, cut.cjs)
rebuild/m3/w7-preview/today/today-app.cjs	released	M	declared	A	R	-1578 +1279	2/2	Track A declared cut row (substitution/replace/wrapper/banner/compose; regions.json, cut.cjs)
rebuild/m3/w7-preview/today/today-app.cjs	released	M	declared	A	R	-1600 +1301	5/5	Track A declared cut row (substitution/replace/wrapper/banner/compose; regions.json, cut.cjs)
rebuild/m3/w7-preview/today/today-app.cjs	released	M	declared	A	R	-1609 +1310	1/1	Track A declared cut row (substitution/replace/wrapper/banner/compose; regions.json, cut.cjs)
rebuild/m3/w7-preview/today/today-app.cjs	released	M	declared	A	R	-1623 +1324	1/1	Track A declared cut row (substitution/replace/wrapper/banner/compose; regions.json, cut.cjs)
rebuild/m3/w7-preview/today/today-app.cjs	released	M	declared	A	R	-1639 +1340	1/1	Track A declared cut row (substitution/replace/wrapper/banner/compose; regions.json, cut.cjs)
rebuild/m3/w7-preview/today/today-app.cjs	released	M	declared	A	R	-1648 +1349	1/1	Track A declared cut row (substitution/replace/wrapper/banner/compose; regions.json, cut.cjs)
rebuild/m3/w7-preview/today/today-app.cjs	released	M	declared	A	R	-1650 +1351	1/1	Track A declared cut row (substitution/replace/wrapper/banner/compose; regions.json, cut.cjs)
rebuild/m3/w7-preview/today/today-app.cjs	released	M	declared	A	R	-1658 +1359	3/3	Track A declared cut row (substitution/replace/wrapper/banner/compose; regions.json, cut.cjs)
rebuild/m3/w7-preview/today/today-app.cjs	released	M	declared	A	R	-1664 +1365	1/1	Track A declared cut row (substitution/replace/wrapper/banner/compose; regions.json, cut.cjs)
rebuild/m3/w7-preview/today/today-app.cjs	released	M	declared	A	R	-1668 +1369	1/1	Track A declared cut row (substitution/replace/wrapper/banner/compose; regions.json, cut.cjs)
rebuild/m3/w7-preview/today/today-app.cjs	released	M	declared	A	R	-1679 +1380	1/1	Track A declared cut row (substitution/replace/wrapper/banner/compose; regions.json, cut.cjs)
rebuild/m3/w7-preview/today/today-app.cjs	released	M	declared	A	R	-1696 +1397	1/1	Track A declared cut row (substitution/replace/wrapper/banner/compose; regions.json, cut.cjs)
rebuild/m3/w7-preview/today/today-app.cjs	released	M	declared	A	R	-1702 +1403	1/1	Track A declared cut row (substitution/replace/wrapper/banner/compose; regions.json, cut.cjs)
rebuild/m3/w7-preview/today/today-app.cjs	released	M	declared	A	R	-1704 +1405	1/1	Track A declared cut row (substitution/replace/wrapper/banner/compose; regions.json, cut.cjs)
rebuild/m3/w7-preview/today/today-app.cjs	released	M	declared	A	R	-1707 +1408	5/5	Track A declared cut row (substitution/replace/wrapper/banner/compose; regions.json, cut.cjs)
rebuild/m3/w7-preview/today/today-app.cjs	released	M	declared	A	R	-1716 +1417	1/1	Track A declared cut row (substitution/replace/wrapper/banner/compose; regions.json, cut.cjs)
rebuild/m3/w7-preview/today/today-app.cjs	released	M	declared	A	R	-1721 +1422	2/2	Track A declared cut row (substitution/replace/wrapper/banner/compose; regions.json, cut.cjs)
rebuild/m3/w7-preview/today/today-app.cjs	released	M	declared	A	R	-1728 +1428	30/0	Track A declared cut row (substitution/replace/wrapper/banner/compose; regions.json, cut.cjs)
rebuild/m3/w7-preview/today/today-app.cjs	released	M	declared	A	R	-1765 +1436	1/1	Track A declared cut row (substitution/replace/wrapper/banner/compose; regions.json, cut.cjs)
rebuild/m3/w7-preview/today/today-app.cjs	released	M	declared	A	R	-1808 +1478	124/0	Track A declared cut row (substitution/replace/wrapper/banner/compose; regions.json, cut.cjs)
rebuild/m3/w7-preview/today/today-app.cjs	released	M	declared	A	M	-1936 +1482	14/0	Track A pure move: lines leave to a sealed sibling
rebuild/m3/w7-preview/today/today-app.cjs	released	M	declared	A	R	-1952 +1485	1/1	Track A declared cut row (substitution/replace/wrapper/banner/compose; regions.json, cut.cjs)
rebuild/m3/w7-preview/today/today-app.cjs	released	M	declared	A	R	-1965 +1497	48/0	Track A declared cut row (substitution/replace/wrapper/banner/compose; regions.json, cut.cjs)
rebuild/m3/w7-preview/today/today-app.cjs	released	M	declared	A	M	-2019 +1503	19/0	Track A pure move: lines leave to a sealed sibling
rebuild/m3/w7-preview/today/today-app.cjs	released	M	declared	A	R	-2049 +1514	45/0	Track A declared cut row (substitution/replace/wrapper/banner/compose; regions.json, cut.cjs)
rebuild/m3/w7-preview/today/today-app.cjs	released	M	declared	A	R	-2115 +1536	1/1	Track A declared cut row (substitution/replace/wrapper/banner/compose; regions.json, cut.cjs)
rebuild/m3/w7-preview/today/today-app.cjs	released	M	declared	A	R	-2136 +1557	1/1	Track A declared cut row (substitution/replace/wrapper/banner/compose; regions.json, cut.cjs)
rebuild/m3/w7-preview/today/today-app.cjs	released	M	declared	A	R	-2152 +1573	2/2	Track A declared cut row (substitution/replace/wrapper/banner/compose; regions.json, cut.cjs)
rebuild/m3/w7-preview/today/today-app.cjs	released	M	declared	A	R	-2183 +1604	1/1	Track A declared cut row (substitution/replace/wrapper/banner/compose; regions.json, cut.cjs)
rebuild/m3/w7-preview/today/today-app.cjs	released	M	declared	A	R	-2185 +1606	1/1	Track A declared cut row (substitution/replace/wrapper/banner/compose; regions.json, cut.cjs)
rebuild/m3/w7-preview/today/today-app.cjs	released	M	declared	A	R	-2200 +1621	1/1	Track A declared cut row (substitution/replace/wrapper/banner/compose; regions.json, cut.cjs)
rebuild/m3/w7-preview/today/today-app.cjs	released	M	declared	A	R	-2223 +1644	1/1	Track A declared cut row (substitution/replace/wrapper/banner/compose; regions.json, cut.cjs)
rebuild/m3/w7-preview/today/today-app.cjs	released	M	declared	A	R	-2246 +1667	1/1	Track A declared cut row (substitution/replace/wrapper/banner/compose; regions.json, cut.cjs)
rebuild/m3/w7-preview/today/today-app.cjs	released	M	declared	A	R	-2252 +1673	1/1	Track A declared cut row (substitution/replace/wrapper/banner/compose; regions.json, cut.cjs)
rebuild/m3/w7-preview/today/today-app.cjs	released	M	declared	A	R	-2269 +1690	1/1	Track A declared cut row (substitution/replace/wrapper/banner/compose; regions.json, cut.cjs)
rebuild/m3/w7-preview/today/today-app.cjs	released	M	declared	A	R	-2289 +1710	1/1	Track A declared cut row (substitution/replace/wrapper/banner/compose; regions.json, cut.cjs)
rebuild/m3/w7-preview/today/today-app.cjs	released	M	declared	A	R	-2298 +1719	1/1	Track A declared cut row (substitution/replace/wrapper/banner/compose; regions.json, cut.cjs)
rebuild/m3/w7-preview/today/today-app.cjs	released	M	declared	A	R	-2302 +1723	1/1	Track A declared cut row (substitution/replace/wrapper/banner/compose; regions.json, cut.cjs)
rebuild/m3/w7-preview/today/today-app.cjs	released	M	declared	A	R	-2323 +1744	2/2	Track A declared cut row (substitution/replace/wrapper/banner/compose; regions.json, cut.cjs)
rebuild/m3/w7-preview/today/today-app.cjs	released	M	declared	A	R	-2334 +1755	1/1	Track A declared cut row (substitution/replace/wrapper/banner/compose; regions.json, cut.cjs)
rebuild/m3/w7-preview/today/today-app.cjs	released	M	declared	A	R	-2336 +1757	1/1	Track A declared cut row (substitution/replace/wrapper/banner/compose; regions.json, cut.cjs)
rebuild/m3/w7-preview/today/today-app.cjs	released	M	declared	A	R	-2345 +1766	1/1	Track A declared cut row (substitution/replace/wrapper/banner/compose; regions.json, cut.cjs)
rebuild/m3/w7-preview/today/today-app.cjs	released	M	declared	A	R	-2348 +1769	1/1	Track A declared cut row (substitution/replace/wrapper/banner/compose; regions.json, cut.cjs)
rebuild/m3/w7-preview/today/today-app.cjs	released	M	declared	A	R	-2350 +1771	1/1	Track A declared cut row (substitution/replace/wrapper/banner/compose; regions.json, cut.cjs)
rebuild/m3/w7-preview/today/today-app.cjs	released	M	declared	A	R	-2352 +1773	1/1	Track A declared cut row (substitution/replace/wrapper/banner/compose; regions.json, cut.cjs)
rebuild/m3/w7-preview/today/today-app.cjs	released	M	declared	A	R	-2361 +1782	1/1	Track A declared cut row (substitution/replace/wrapper/banner/compose; regions.json, cut.cjs)
rebuild/m3/w7-preview/today/today-app.cjs	released	M	declared	A	R	-2365 +1786	2/2	Track A declared cut row (substitution/replace/wrapper/banner/compose; regions.json, cut.cjs)
rebuild/m3/w7-preview/today/today-app.cjs	released	M	declared	A	R	-2391 +1812	1/1	Track A declared cut row (substitution/replace/wrapper/banner/compose; regions.json, cut.cjs)
rebuild/m3/w7-preview/today/today-app.cjs	released	M	declared	A	R	-2431 +1852	12/1	Track A declared cut row (substitution/replace/wrapper/banner/compose; regions.json, cut.cjs)
rebuild/m3/w7-preview/today/today-app.cjs	released	M	declared	A	R	-2452 +1862	1/1	Track A declared cut row (substitution/replace/wrapper/banner/compose; regions.json, cut.cjs)
rebuild/m3/w7-preview/today/today-app.cjs	released	M	declared	A	M	-2483 +1892	65/0	Track A pure move: lines leave to a sealed sibling
rebuild/m3/w7-preview/today/today-app.cjs	released	M	declared	A	R	-2551 +1896	1/1	Track A declared cut row (substitution/replace/wrapper/banner/compose; regions.json, cut.cjs)
rebuild/m3/w7-preview/today/today-app.cjs	released	M	declared	A	R	-2557 +1902	2/2	Track A declared cut row (substitution/replace/wrapper/banner/compose; regions.json, cut.cjs)
rebuild/m3/w7-preview/today/today-app.cjs	released	M	declared	A	R	-2561 +1906	3/3	Track A declared cut row (substitution/replace/wrapper/banner/compose; regions.json, cut.cjs)
rebuild/m3/w7-preview/today/today-app.cjs	released	M	declared	A	R	-2567 +1912	1/1	Track A declared cut row (substitution/replace/wrapper/banner/compose; regions.json, cut.cjs)
rebuild/m3/w7-preview/today/today-app.cjs	released	M	declared	A	R	-2569 +1914	2/2	Track A declared cut row (substitution/replace/wrapper/banner/compose; regions.json, cut.cjs)
rebuild/m3/w7-preview/today/today-app.cjs	released	M	declared	A	R	-2577 +1922	1/1	Track A declared cut row (substitution/replace/wrapper/banner/compose; regions.json, cut.cjs)
rebuild/m3/w7-preview/today/today-app.cjs	released	M	declared	A	R	-2593 +1938	1/1	Track A declared cut row (substitution/replace/wrapper/banner/compose; regions.json, cut.cjs)
rebuild/m3/w7-preview/today/today-model.cjs	new	M	declared	A	R	-49 +50	0/5	Track A declared cut row (substitution/replace/wrapper/banner/compose; regions.json, cut.cjs)
rebuild/m3/w7-preview/today/today-model.cjs	new	M	declared	A	R	-397 +402	10/13	Track A declared cut row (substitution/replace/wrapper/banner/compose; regions.json, cut.cjs)
rebuild/m3/w7-preview/today/today-model.cjs	new	M	declared	A	R	-410 +417	21/0	Track A declared cut row (substitution/replace/wrapper/banner/compose; regions.json, cut.cjs)
rebuild/m3/w7-preview/today/today-model.cjs	new	M	declared	A	R	-433 +419	5/0	Track A declared cut row (substitution/replace/wrapper/banner/compose; regions.json, cut.cjs)
rebuild/m3/w7-preview/today/gym-app.mjs	released	M	declared	A	R	-20 +21	0/3	Track A declared cut row (substitution/replace/wrapper/banner/compose; regions.json, cut.cjs)
rebuild/m3/w7-preview/today/gym-app.mjs	released	M	declared	A	R	-123 +126	3/9	Track A declared cut row (substitution/replace/wrapper/banner/compose; regions.json, cut.cjs)
rebuild/m3/w7-preview/today/gym-app.mjs	released	M	declared	A	R	-131 +139	26/0	Track A declared cut row (substitution/replace/wrapper/banner/compose; regions.json, cut.cjs)
rebuild/m3/w7-preview/today/gym-app.mjs	released	M	declared	A	R	-158 +141	13/1	Track A declared cut row (substitution/replace/wrapper/banner/compose; regions.json, cut.cjs)
rebuild/m3/w7-preview/today/gym-app.mjs	released	M	declared	A	R	-246 +217	1/1	Track A declared cut row (substitution/replace/wrapper/banner/compose; regions.json, cut.cjs)
rebuild/m3/w7-preview/today/gym-app.mjs	released	M	declared	A	R	-251 +222	2/2	Track A declared cut row (substitution/replace/wrapper/banner/compose; regions.json, cut.cjs)
rebuild/m3/w7-preview/today/gym-app.mjs	released	M	declared	A	R	-279 +250	1/1	Track A declared cut row (substitution/replace/wrapper/banner/compose; regions.json, cut.cjs)
rebuild/m3/w7-preview/today/gym-app.mjs	released	M	declared	A	R	-305 +276	1/1	Track A declared cut row (substitution/replace/wrapper/banner/compose; regions.json, cut.cjs)
rebuild/m3/w7-preview/today/gym-app.mjs	released	M	declared	A	R	-316 +287	2/2	Track A declared cut row (substitution/replace/wrapper/banner/compose; regions.json, cut.cjs)
rebuild/m3/w7-preview/today/gym-app.mjs	released	M	declared	A	R	-570 +541	3/3	Track A declared cut row (substitution/replace/wrapper/banner/compose; regions.json, cut.cjs)
rebuild/m3/w7-preview/today/gym-app.mjs	released	M	declared	A	R	-575 +546	2/2	Track A declared cut row (substitution/replace/wrapper/banner/compose; regions.json, cut.cjs)
rebuild/m3/w7-preview/today/today-lanes.cjs	new	A	declared	A	R	-0 +1	0/985	Track A declared cut row (substitution/replace/wrapper/banner/compose; regions.json, cut.cjs)
rebuild/m3/w7-preview/today/today-readings.cjs	new	A	declared	A	R	-0 +1	0/78	Track A declared cut row (substitution/replace/wrapper/banner/compose; regions.json, cut.cjs)
rebuild/m3/w7-preview/today/gym-settings-lane.mjs	new	A	declared	A	R	-0 +1	0/103	Track A declared cut row (substitution/replace/wrapper/banner/compose; regions.json, cut.cjs)
.github/workflows/rebuild.yml	edited	M	declared	S10	N	-161 +161	2/14	declared edited: product/tooling bytes
.github/workflows/rebuild.yml	edited	M	declared	S10	N	-242 +255	0/3	declared edited: product/tooling bytes
.github/workflows/rebuild.yml	edited	M	declared	S10	N	-244 +259	1/1	declared edited: product/tooling bytes
.github/workflows/rebuild.yml	edited	M	declared	S10	N	-304 +320	0/2	declared edited: product/tooling bytes
.github/workflows/rebuild.yml	edited	M	declared	S10	N	-306 +323	1/1	declared edited: product/tooling bytes
.github/workflows/rebuild.yml	edited	M	declared	S10	N	-331 +349	0/34	declared edited: product/tooling bytes
rebuild/DECISIONS.md	undeclared	M	undeclared	S10	M	-809 +810	0/2	merge-forward: append-only, byte-equal to chain tip ace916f (cbe2bdf); S10 authors no byte
rebuild/engine/PROPOSED-PICK-REPAIR-REPORT.md	new	A	declared	S10	N	-0 +1	0/58	declared new: new file
rebuild/engine/test/proposed-pick.test.cjs	new	A	declared	S10	N	-0 +1	0/292	declared new: new file
rebuild/engine/today.cjs	edited	M	declared	S10	N	-97 +97	1/1	declared edited: product/tooling bytes
rebuild/engine/writers.cjs	edited	M	declared	S10	N	-227 +227	1/1	declared edited: product/tooling bytes
rebuild/lanes/astra/reviews/S10-INTEGRATION-REVIEW-L3.md	undeclared	A	undeclared	S10	N	-0 +1	0/188	new record file (report/review/brief/spec), not product, no execution route
rebuild/lanes/astra/reviews/S10-INTEGRATION-REVIEW-L4.md	undeclared	A	undeclared	S10	N	-0 +1	0/191	new record file (report/review/brief/spec), not product, no execution route
rebuild/lanes/astra/reviews/S10-INTEGRATION-REVIEW-L5.md	undeclared	A	undeclared	S10	N	-0 +1	0/176	new record file (report/review/brief/spec), not product, no execution route
rebuild/lanes/astra/reviews/S10-INTEGRATION-REVIEW-L6.md	undeclared	A	undeclared	S10	N	-0 +1	0/178	new record file (report/review/brief/spec), not product, no execution route
rebuild/lanes/astra/reviews/S10-INTEGRATION-REVIEW-L7.md	undeclared	A	undeclared	S10	N	-0 +1	0/190	new record file (report/review/brief/spec), not product, no execution route
rebuild/lanes/astra/reviews/S10-REGEN-SCOPE-REVIEW-L1.md	undeclared	A	undeclared	S10	N	-0 +1	0/65	new record file (report/review/brief/spec), not product, no execution route
rebuild/lanes/b/S10-INTEGRATION-REPORT.md	undeclared	A	undeclared	S10	N	-0 +1	0/144	new record file (report/review/brief/spec), not product, no execution route
rebuild/lanes/b/S10-REGEN.cjs	new	A	declared	S10	N	-0 +1	0/368	declared new: new file
rebuild/lanes/b/S10-REGEN.test.cjs	new	A	declared	S10	N	-0 +1	0/403	declared new: new file
rebuild/lanes/b/S10-TODAY-SPLIT-BRIEF.md	undeclared	A	undeclared	S10	N	-0 +1	0/1223	new record file (report/review/brief/spec), not product, no execution route
rebuild/lanes/b/tooling/b-package.cjs	edited	M	declared	S10	N	-177 +177	1/5	declared edited: product/tooling bytes
rebuild/lanes/b/tooling/b-package.cjs	edited	M	declared	S10	N	-324 +328	1/6	declared edited: product/tooling bytes
rebuild/lanes/b/tooling/b-package.cjs	edited	M	declared	S10	N	-489 +498	1/7	declared edited: product/tooling bytes
rebuild/lanes/b/tooling/packages/H3.json	edited	M	declared	S10	R	-45 +45	1/1	declared edited: re-pin (hex digests only)
rebuild/lanes/b/tooling/packages/S10.json	undeclared	A	undeclared	S10	N	-0 +1	0/2053	the S10 package declaration itself (PROPOSED), new file
rebuild/lanes/b/tooling/packages/S3.json	edited	M	declared	S10	R	-45 +45	1/1	declared edited: re-pin (hex digests only)
rebuild/lanes/b/tooling/packages/S4.json	edited	M	declared	S10	R	-45 +45	1/1	declared edited: re-pin (hex digests only)
rebuild/lanes/b/tooling/packages/S5.json	edited	M	declared	S10	R	-45 +45	1/1	declared edited: re-pin (hex digests only)
rebuild/lanes/b/tooling/packages/S6.json	edited	M	declared	S10	R	-45 +45	1/1	declared edited: re-pin (hex digests only)
rebuild/lanes/b/tooling/packages/S7.json	edited	M	declared	S10	R	-45 +45	1/1	declared edited: re-pin (hex digests only)
rebuild/lanes/b/tooling/packages/S8.json	edited	M	declared	S10	R	-45 +45	1/1	declared edited: re-pin (hex digests only)
rebuild/lanes/b/tooling/packages/S9.json	superseded-by-child	M	declared	S10	R	-45 +45	1/1	declared superseded-by-child: re-pin (hex digests only)
rebuild/lanes/b/tooling/test/pinned-unchanged-and-ruled-substitutions.test.cjs	edited	M	declared	S10	N	-273 +273	1/1	declared edited: test/cell bytes
rebuild/lanes/b/tooling/test/pinned-unchanged-and-ruled-substitutions.test.cjs	edited	M	declared	S10	N	-296 +296	2/5	declared edited: test/cell bytes
rebuild/lanes/b/tooling/test/pinned-unchanged-and-ruled-substitutions.test.cjs	edited	M	declared	S10	N	-330 +333	2/6	declared edited: test/cell bytes
rebuild/lanes/b/tooling/test/pinned-unchanged-and-ruled-substitutions.test.cjs	edited	M	declared	S10	N	-393 +400	1/5	declared edited: test/cell bytes
rebuild/lanes/b/tooling/test/pinned-unchanged-and-ruled-substitutions.test.cjs	edited	M	declared	S10	N	-420 +432	0/1	declared edited: test/cell bytes
rebuild/lanes/b/tooling/test/pinned-unchanged-and-ruled-substitutions.test.cjs	edited	M	declared	S10	N	-458 +470	1/3	declared edited: test/cell bytes
rebuild/lanes/b/tooling/test/pinned-unchanged-and-ruled-substitutions.test.cjs	edited	M	declared	S10	N	-478 +493	0/1	declared edited: test/cell bytes
rebuild/lanes/c/COPY-LOCK.md	undeclared	A	undeclared	S10	N	-0 +1	0/96	new record file (report/review/brief/spec), not product, no execution route
rebuild/lanes/c/GSS-ANNEX-G6-G8-REPORT.md	undeclared	A	undeclared	S10	N	-0 +1	0/49	new record file (report/review/brief/spec), not product, no execution route
rebuild/lanes/c/GSS-ANNEX-LOG-TIMING-REPORT.md	undeclared	A	undeclared	S10	N	-0 +1	0/57	new record file (report/review/brief/spec), not product, no execution route
rebuild/lanes/c/GSS-ANNEX-TIMING-REPORT.md	undeclared	A	undeclared	S10	N	-0 +1	0/51	new record file (report/review/brief/spec), not product, no execution route
rebuild/lanes/c/GYM-SETTINGS-WRITER-SEAL-BUILD-REPORT.md	undeclared	A	undeclared	S10	N	-0 +1	0/60	new record file (report/review/brief/spec), not product, no execution route
rebuild/lanes/c/TODAY-SPLIT-BUILD-REPORT-2.md	undeclared	A	undeclared	S10	N	-0 +1	0/1023	new record file (report/review/brief/spec), not product, no execution route
rebuild/lanes/c/TODAY-SPLIT-BUILD-REPORT.md	undeclared	A	undeclared	S10	N	-0 +1	0/831	new record file (report/review/brief/spec), not product, no execution route
rebuild/lanes/c/TODAY-SPLIT-BUILD-REVIEW-R1.md	undeclared	A	undeclared	S10	N	-0 +1	0/273	new record file (report/review/brief/spec), not product, no execution route
rebuild/lanes/c/TODAY-SPLIT-BUILD-REVIEW-R2.md	undeclared	A	undeclared	S10	N	-0 +1	0/356	new record file (report/review/brief/spec), not product, no execution route
rebuild/lanes/c/TODAY-SPLIT-FENCE-CHECK-F2.md	undeclared	A	undeclared	S10	N	-0 +1	0/403	new record file (report/review/brief/spec), not product, no execution route
rebuild/lanes/c/TODAY-SPLIT-FENCE-PRECONDITIONS-REPORT.md	undeclared	A	undeclared	S10	N	-0 +1	0/472	new record file (report/review/brief/spec), not product, no execution route
rebuild/lanes/c/TODAY-SPLIT-FENCE-REVIEW-F1.md	undeclared	A	undeclared	S10	N	-0 +1	0/757	new record file (report/review/brief/spec), not product, no execution route
rebuild/lanes/c/TODAY-SPLIT-SPEC-REVIEW-R1.md	undeclared	A	undeclared	S10	N	-0 +1	0/452	new record file (report/review/brief/spec), not product, no execution route
rebuild/lanes/c/TODAY-SPLIT-SPEC-REVIEW-R2.md	undeclared	A	undeclared	S10	N	-0 +1	0/551	new record file (report/review/brief/spec), not product, no execution route
rebuild/lanes/c/TODAY-SPLIT-SPEC-REVIEW-R3.md	undeclared	A	undeclared	S10	N	-0 +1	0/705	new record file (report/review/brief/spec), not product, no execution route
rebuild/lanes/c/TODAY-SPLIT-SPEC.md	undeclared	A	undeclared	S10	N	-0 +1	0/2280	new record file (report/review/brief/spec), not product, no execution route
rebuild/lanes/c/TODAY-SPLIT-SR31-SR32-REPORT.md	undeclared	A	undeclared	S10	N	-0 +1	0/52	new record file (report/review/brief/spec), not product, no execution route
rebuild/lanes/c/today-split-spike/BLIND.md	undeclared	A	undeclared	S10	N	-0 +1	0/67	new record file (report/review/brief/spec), not product, no execution route
rebuild/lanes/c/today-split-spike/CROSSINGS.md	undeclared	A	undeclared	S10	N	-0 +1	0/286	new record file (report/review/brief/spec), not product, no execution route
rebuild/lanes/c/today-split-spike/REACH.md	undeclared	A	undeclared	S10	N	-0 +1	0/104	new record file (report/review/brief/spec), not product, no execution route
rebuild/lanes/c/today-split-spike/SPIKE-REPORT.md	undeclared	A	undeclared	S10	N	-0 +1	0/340	new record file (report/review/brief/spec), not product, no execution route
rebuild/lanes/c/today-split-spike/blind.cjs	new	A	declared	S10	N	-0 +1	0/160	declared new: new file
rebuild/lanes/c/today-split-spike/capture.cjs	new	A	declared	S10	N	-0 +1	0/224	declared new: new file
rebuild/lanes/c/today-split-spike/census.cjs	new	A	declared	S10	N	-0 +1	0/300	declared new: new file
rebuild/lanes/c/today-split-spike/cut.cjs	new	A	declared	S10	N	-0 +1	0/1148	declared new: new file
rebuild/lanes/c/today-split-spike/gen-interface.cjs	new	A	declared	S10	N	-0 +1	0/684	declared new: new file
rebuild/lanes/c/today-split-spike/gen-lanes.cjs	new	A	declared	S10	N	-0 +1	0/317	declared new: new file
rebuild/lanes/c/today-split-spike/gen-regions.cjs	new	A	declared	S10	N	-0 +1	0/134	declared new: new file
rebuild/lanes/c/today-split-spike/gen-witness.cjs	new	A	declared	S10	N	-0 +1	0/247	declared new: new file
rebuild/lanes/c/today-split-spike/reach.cjs	new	A	declared	S10	N	-0 +1	0/323	declared new: new file
rebuild/lanes/c/today-split-spike/regions.json	new	A	declared	S10	N	-0 +1	0/9908	declared new: new file
rebuild/lanes/c/today-split-spike/resolve.cjs	new	A	declared	S10	N	-0 +1	0/163	declared new: new file
rebuild/lanes/c/today-split-spike/test/instruments.test.cjs	new	A	declared	S10	N	-0 +1	0/1298	declared new: new file
rebuild/lanes/c/today-split/PART1-CROSSINGS.md	undeclared	A	undeclared	S10	N	-0 +1	0/105	new record file (report/review/brief/spec), not product, no execution route
rebuild/lanes/c/today-split/PART2-CROSSINGS.md	undeclared	A	undeclared	S10	N	-0 +1	0/231	new record file (report/review/brief/spec), not product, no execution route
rebuild/lanes/c/today-split/PART2-CUT-REPORT.json	new	A	declared	S10	N	-0 +1	0/4713	declared new: new file
rebuild/lanes/c/today-split/PART2-DOM-LISTENERS.mjs	new	A	declared	S10	N	-0 +1	0/159	declared new: new file
rebuild/lanes/c/today-split/writer-fence.test.mjs	new	A	declared	S10	N	-0 +1	0/2264	declared new: new file
rebuild/lanes/c/ui-port/sealed-inventory-fence.test.mjs	edited	M	declared	S10	N	-1791 +1792	0/26	declared edited: test/cell bytes
rebuild/lanes/e/CAPTURE-REPAIR-REPORT.md	undeclared	A	undeclared	S10	N	-0 +1	0/48	new record file (report/review/brief/spec), not product, no execution route
rebuild/lanes/fable/reviews/REVIEW-S10-COPYLOCK-CI-l1.md	undeclared	A	undeclared	S10	N	-0 +1	0/177	new record file (report/review/brief/spec), not product, no execution route
rebuild/lanes/fable/reviews/REVIEW-S10-COPYLOCK-l1.md	undeclared	A	undeclared	S10	N	-0 +1	0/54	new record file (report/review/brief/spec), not product, no execution route
rebuild/lanes/fable/reviews/REVIEW-S10-COPYLOCK-l2.md	undeclared	A	undeclared	S10	N	-0 +1	0/68	new record file (report/review/brief/spec), not product, no execution route
rebuild/lanes/fable/reviews/REVIEW-S10-DECLARE-COPYLOCK-l1.md	undeclared	A	undeclared	S10	N	-0 +1	0/74	new record file (report/review/brief/spec), not product, no execution route
rebuild/lanes/fable/reviews/REVIEW-S10-INTEGRATION-l1.md	undeclared	A	undeclared	S10	N	-0 +1	0/108	new record file (report/review/brief/spec), not product, no execution route
rebuild/lanes/fable/reviews/REVIEW-S10-INTEGRATION-l3.md	undeclared	A	undeclared	S10	N	-0 +1	0/123	new record file (report/review/brief/spec), not product, no execution route
rebuild/lanes/fable/reviews/REVIEW-S10-INTEGRATION-l4.md	undeclared	A	undeclared	S10	N	-0 +1	0/97	new record file (report/review/brief/spec), not product, no execution route
rebuild/lanes/fable/reviews/REVIEW-S10-INTEGRATION-l5.md	undeclared	A	undeclared	S10	N	-0 +1	0/145	new record file (report/review/brief/spec), not product, no execution route
rebuild/lanes/fable/reviews/REVIEW-S10-R11-l1.md	undeclared	A	undeclared	S10	N	-0 +1	0/95	new record file (report/review/brief/spec), not product, no execution route
rebuild/lanes/fable/reviews/REVIEW-S10-T3C-l1.md	undeclared	A	undeclared	S10	N	-0 +1	0/110	new record file (report/review/brief/spec), not product, no execution route
rebuild/m3/w7-preview/measure/test/boundary.test.mjs	edited	M	declared	S10	N	-140 +140	1/9	declared edited: test/cell bytes
rebuild/m3/w7-preview/measure/test/boundary.test.mjs	edited	M	declared	S10	N	-151 +160	0/43	declared edited: test/cell bytes
rebuild/m3/w7-preview/measure/test/boundary.test.mjs	edited	M	declared	S10	N	-161 +212	1/1	declared edited: test/cell bytes
rebuild/m3/w7-preview/measure/test/boundary.test.mjs	edited	M	declared	S10	N	-237 +289	0/41	declared edited: test/cell bytes
rebuild/m3/w7-preview/today/build.mjs	undeclared	M	undeclared	S10	R	-105 +106	0/10	S9-released build composition (undeclared by brief 4.3): REQUIRED_INPUTS adds per TODAY-SPLIT-SPEC B.10 / brief 4.1
rebuild/m3/w7-preview/today/build.mjs	undeclared	M	undeclared	S10	R	-112 +123	0/4	S9-released build composition (undeclared by brief 4.3): REQUIRED_INPUTS adds per TODAY-SPLIT-SPEC B.10 / brief 4.1
rebuild/m3/w7-preview/today/gym-app.mjs	released	M	declared	B	N	-97 +98	0/4	Track B GSS writer work (b35a48e -> head)
rebuild/m3/w7-preview/today/gym-app.mjs	released	M	declared	B	N	-101 +104	1/0	Track B GSS writer work (b35a48e -> head)
rebuild/m3/w7-preview/today/gym-app.mjs	released	M	declared	B	N	-109 +113	0/1	Track B GSS writer work (b35a48e -> head)
rebuild/m3/w7-preview/today/gym-app.mjs	released	M	declared	B	N	-126 +130	7/4	Track B GSS writer work (b35a48e -> head)
rebuild/m3/w7-preview/today/gym-app.mjs	released	M	declared	B	N	-134 +135	1/1	Track B GSS writer work (b35a48e -> head)
rebuild/m3/w7-preview/today/gym-app.mjs	released	M	declared	B	N	-135 +137	0/1	Track B GSS writer work (b35a48e -> head)
rebuild/m3/w7-preview/today/gym-app.mjs	released	M	declared	B	N	-136 +139	0/2	Track B GSS writer work (b35a48e -> head)
rebuild/m3/w7-preview/today/gym-app.mjs	released	M	declared	B	N	-139 +144	0/10	Track B GSS writer work (b35a48e -> head)
rebuild/m3/w7-preview/today/gym-app.mjs	released	M	declared	B	N	-204 +218	1/1	Track B GSS writer work (b35a48e -> head)
rebuild/m3/w7-preview/today/gym-app.mjs	released	M	declared	B	N	-216 +230	2/2	Track B GSS writer work (b35a48e -> head)
rebuild/m3/w7-preview/today/gym-app.mjs	released	M	declared	B	N	-219 +233	1/1	Track B GSS writer work (b35a48e -> head)
rebuild/m3/w7-preview/today/gym-app.mjs	released	M	declared	B	N	-230 +244	1/1	Track B GSS writer work (b35a48e -> head)
rebuild/m3/w7-preview/today/gym-app.mjs	released	M	declared	B	N	-232 +246	2/22	Track B GSS writer work (b35a48e -> head)
rebuild/m3/w7-preview/today/gym-app.mjs	released	M	declared	B	N	-234 +269	0/2	Track B GSS writer work (b35a48e -> head)
rebuild/m3/w7-preview/today/gym-app.mjs	released	M	declared	B	N	-237 +273	1/4	Track B GSS writer work (b35a48e -> head)
rebuild/m3/w7-preview/today/gym-app.mjs	released	M	declared	B	N	-239 +279	0/1	Track B GSS writer work (b35a48e -> head)
rebuild/m3/w7-preview/today/gym-app.mjs	released	M	declared	B	N	-241 +281	3/15	Track B GSS writer work (b35a48e -> head)
rebuild/m3/w7-preview/today/gym-app.mjs	released	M	declared	B	N	-246 +298	5/5	Track B GSS writer work (b35a48e -> head)
rebuild/m3/w7-preview/today/gym-app.mjs	released	M	declared	B	N	-252 +303	21/0	Track B GSS writer work (b35a48e -> head)
rebuild/m3/w7-preview/today/gym-app.mjs	released	M	declared	B	N	-274 +305	15/38	Track B GSS writer work (b35a48e -> head)
rebuild/m3/w7-preview/today/gym-app.mjs	released	M	declared	B	N	-304 +358	1/1	Track B GSS writer work (b35a48e -> head)
rebuild/m3/w7-preview/today/gym-app.mjs	released	M	declared	B	N	-310 +364	1/1	Track B GSS writer work (b35a48e -> head)
rebuild/m3/w7-preview/today/gym-app.mjs	released	M	declared	B	N	-328 +382	1/1	Track B GSS writer work (b35a48e -> head)
rebuild/m3/w7-preview/today/gym-app.mjs	released	M	declared	B	N	-336 +390	2/2	Track B GSS writer work (b35a48e -> head)
rebuild/m3/w7-preview/today/gym-app.mjs	released	M	declared	B	N	-342 +396	1/1	Track B GSS writer work (b35a48e -> head)
rebuild/m3/w7-preview/today/gym-app.mjs	released	M	declared	B	N	-360 +414	1/1	Track B GSS writer work (b35a48e -> head)
rebuild/m3/w7-preview/today/gym-app.mjs	released	M	declared	B	N	-375 +429	1/1	Track B GSS writer work (b35a48e -> head)
rebuild/m3/w7-preview/today/gym-app.mjs	released	M	declared	B	N	-382 +436	1/1	Track B GSS writer work (b35a48e -> head)
rebuild/m3/w7-preview/today/gym-app.mjs	released	M	declared	B	N	-385 +439	8/3	Track B GSS writer work (b35a48e -> head)
rebuild/m3/w7-preview/today/gym-app.mjs	released	M	declared	B	N	-401 +450	1/1	Track B GSS writer work (b35a48e -> head)
rebuild/m3/w7-preview/today/gym-app.mjs	released	M	declared	B	N	-407 +456	1/1	Track B GSS writer work (b35a48e -> head)
rebuild/m3/w7-preview/today/gym-app.mjs	released	M	declared	B	N	-410 +460	0/2	Track B GSS writer work (b35a48e -> head)
rebuild/m3/w7-preview/today/gym-app.mjs	released	M	declared	B	N	-413 +464	4/3	Track B GSS writer work (b35a48e -> head)
rebuild/m3/w7-preview/today/gym-app.mjs	released	M	declared	B	N	-439 +488	1/0	Track B GSS writer work (b35a48e -> head)
rebuild/m3/w7-preview/today/gym-app.mjs	released	M	declared	B	N	-441 +490	1/1	Track B GSS writer work (b35a48e -> head)
rebuild/m3/w7-preview/today/gym-app.mjs	released	M	declared	B	N	-444 +494	0/1	Track B GSS writer work (b35a48e -> head)
rebuild/m3/w7-preview/today/gym-app.mjs	released	M	declared	B	N	-467 +517	11/7	Track B GSS writer work (b35a48e -> head)
rebuild/m3/w7-preview/today/gym-app.mjs	released	M	declared	B	N	-481 +527	1/1	Track B GSS writer work (b35a48e -> head)
rebuild/m3/w7-preview/today/gym-app.mjs	released	M	declared	B	N	-483 +529	1/1	Track B GSS writer work (b35a48e -> head)
rebuild/m3/w7-preview/today/gym-app.mjs	released	M	declared	B	N	-486 +533	0/2	Track B GSS writer work (b35a48e -> head)
rebuild/m3/w7-preview/today/gym-app.mjs	released	M	declared	B	N	-511 +559	1/1	Track B GSS writer work (b35a48e -> head)
rebuild/m3/w7-preview/today/gym-app.mjs	released	M	declared	B	N	-513 +561	3/19	Track B GSS writer work (b35a48e -> head)
rebuild/m3/w7-preview/today/gym-app.mjs	released	M	declared	B	N	-518 +582	1/1	Track B GSS writer work (b35a48e -> head)
rebuild/m3/w7-preview/today/gym-app.mjs	released	M	declared	B	N	-528 +592	1/1	Track B GSS writer work (b35a48e -> head)
rebuild/m3/w7-preview/today/gym-app.mjs	released	M	declared	B	N	-531 +595	2/2	Track B GSS writer work (b35a48e -> head)
rebuild/m3/w7-preview/today/gym-app.mjs	released	M	declared	B	N	-541 +605	3/3	Track B GSS writer work (b35a48e -> head)
rebuild/m3/w7-preview/today/gym-app.mjs	released	M	declared	B	N	-546 +610	2/2	Track B GSS writer work (b35a48e -> head)
rebuild/m3/w7-preview/today/gym-settings-lane.mjs	new	A	declared	B	N	-1 +1	1/1	Track B GSS writer work (b35a48e -> head)
rebuild/m3/w7-preview/today/gym-settings-lane.mjs	new	A	declared	B	N	-3 +3	27/4	Track B GSS writer work (b35a48e -> head)
rebuild/m3/w7-preview/today/gym-settings-lane.mjs	new	A	declared	B	N	-30 +8	0/38	Track B GSS writer work (b35a48e -> head)
rebuild/m3/w7-preview/today/gym-settings-lane.mjs	new	A	declared	B	N	-32 +47	2/1	Track B GSS writer work (b35a48e -> head)
rebuild/m3/w7-preview/today/gym-settings-lane.mjs	new	A	declared	B	N	-36 +50	20/81	Track B GSS writer work (b35a48e -> head)
rebuild/m3/w7-preview/today/gym-settings-lane.mjs	new	A	declared	B	N	-58 +133	4/2	Track B GSS writer work (b35a48e -> head)
rebuild/m3/w7-preview/today/gym-settings-lane.mjs	new	A	declared	B	N	-63 +136	2/9	Track B GSS writer work (b35a48e -> head)
rebuild/m3/w7-preview/today/gym-settings-lane.mjs	new	A	declared	B	N	-67 +146	1/0	Track B GSS writer work (b35a48e -> head)
rebuild/m3/w7-preview/today/gym-settings-lane.mjs	new	A	declared	B	N	-69 +148	1/2	Track B GSS writer work (b35a48e -> head)
rebuild/m3/w7-preview/today/gym-settings-lane.mjs	new	A	declared	B	N	-77 +157	2/2	Track B GSS writer work (b35a48e -> head)
rebuild/m3/w7-preview/today/gym-settings-lane.mjs	new	A	declared	B	N	-82 +162	20/5	Track B GSS writer work (b35a48e -> head)
rebuild/m3/w7-preview/today/gym-settings-lane.mjs	new	A	declared	B	N	-102 +168	0/206	Track B GSS writer work (b35a48e -> head)
rebuild/m3/w7-preview/today/gym-settings-lane.mjs	new	A	declared	B	N	-103 +375	0/2	Track B GSS writer work (b35a48e -> head)
rebuild/m3/w7-preview/today/machine-settings-view.mjs	new	M	declared	S10	N	-11 +11	4/3	declared new: product/tooling bytes
rebuild/m3/w7-preview/today/machine-settings-view.mjs	new	M	declared	S10	N	-19 +19	0/1	declared new: product/tooling bytes
rebuild/m3/w7-preview/today/machine-settings-view.mjs	new	M	declared	S10	N	-21 +21	1/1	declared new: product/tooling bytes
rebuild/m3/w7-preview/today/machine-settings-view.mjs	new	M	declared	S10	N	-23 +24	0/1	declared new: product/tooling bytes
rebuild/m3/w7-preview/today/machine-settings-view.mjs	new	M	declared	S10	N	-36 +36	23/0	declared new: product/tooling bytes
rebuild/m3/w7-preview/today/test/copy-lock-measure.mjs	new	A	declared	S10	N	-0 +1	0/75	declared new: new file
rebuild/m3/w7-preview/today/test/copy-lock-states.mjs	new	A	declared	S10	N	-0 +1	0/166	declared new: new file
rebuild/m3/w7-preview/today/test/copy-lock.cjs	new	A	declared	S10	N	-0 +1	0/311	declared new: new file
rebuild/m3/w7-preview/today/test/copy-lock.corpus.json	new	A	declared	S10	N	-0 +1	0/7742	declared new: new file
rebuild/m3/w7-preview/today/test/copy-lock.test.mjs	new	A	declared	S10	N	-0 +1	0/215	declared new: new file
rebuild/m3/w7-preview/today/test/food.test.mjs	edited	M	declared	S10	N	-842 +842	1/9	declared edited: test/cell bytes
rebuild/m3/w7-preview/today/test/food.test.mjs	edited	M	declared	S10	N	-1169 +1177	1/5	declared edited: test/cell bytes
rebuild/m3/w7-preview/today/test/gss-annex-g6-g8.test.mjs	new	A	declared	S10	N	-0 +1	0/514	declared new: new file
rebuild/m3/w7-preview/today/test/gss-annex-identity-reentrancy.test.mjs	new	A	declared	S10	N	-0 +1	0/85	declared new: new file
rebuild/m3/w7-preview/today/test/gss-annex-log-timing.test.mjs	new	A	declared	S10	N	-0 +1	0/363	declared new: new file
rebuild/m3/w7-preview/today/test/gss-annex-remount.test.mjs	new	A	declared	S10	N	-0 +1	0/395	declared new: new file
rebuild/m3/w7-preview/today/test/gss-annex-timing.test.mjs	new	A	declared	S10	N	-0 +1	0/351	declared new: new file
rebuild/m3/w7-preview/today/test/machine-settings-ui.test.mjs	edited	M	declared	S10	N	-27 +28	0/1	declared edited: test/cell bytes
rebuild/m3/w7-preview/today/test/machine-settings-ui.test.mjs	edited	M	declared	S10	N	-401 +402	1/2	declared edited: test/cell bytes
rebuild/m3/w7-preview/today/test/machine-settings-ui.test.mjs	edited	M	declared	S10	N	-405 +408	0/1	declared edited: test/cell bytes
rebuild/m3/w7-preview/today/test/machine-settings-ui.test.mjs	edited	M	declared	S10	N	-408 +411	2/3	declared edited: test/cell bytes
rebuild/m3/w7-preview/today/test/machine-settings-ui.test.mjs	edited	M	declared	S10	N	-411 +415	2/3	declared edited: test/cell bytes
rebuild/m3/w7-preview/today/test/machine-settings-ui.test.mjs	edited	M	declared	S10	N	-759 +764	1/9	declared edited: test/cell bytes
rebuild/m3/w7-preview/today/test/machine-settings-ui.test.mjs	edited	M	declared	S10	N	-788 +802	0/7	declared edited: test/cell bytes
rebuild/m3/w7-preview/today/test/machine-settings-ui.test.mjs	edited	M	declared	S10	N	-790 +810	2/2	declared edited: test/cell bytes
rebuild/m3/w7-preview/today/test/machine-settings-ui.test.mjs	edited	M	declared	S10	N	-1189 +1210	0/446	declared edited: test/cell bytes
rebuild/m3/w7-preview/today/test/package.test.cjs	edited	M	declared	S10	N	-135 +135	1/10	declared edited: test/cell bytes
rebuild/m3/w7-preview/today/test/package.test.cjs	edited	M	declared	S10	N	-162 +172	0/4	declared edited: test/cell bytes
rebuild/m3/w7-preview/today/test/package.test.cjs	edited	M	declared	S10	N	-165 +178	5/5	declared edited: test/cell bytes
rebuild/m3/w7-preview/today/test/package.test.cjs	edited	M	declared	S10	N	-214 +227	1/1	declared edited: test/cell bytes
rebuild/m3/w7-preview/today/test/package.test.cjs	edited	M	declared	S10	N	-223 +236	4/4	declared edited: test/cell bytes
rebuild/m3/w7-preview/today/test/package.test.cjs	edited	M	declared	S10	N	-241 +254	1/1	declared edited: test/cell bytes
rebuild/m3/w7-preview/today/test/problem.test.mjs	edited	M	declared	S10	N	-1100 +1100	1/4	declared edited: test/cell bytes
rebuild/m3/w7-preview/today/test/problem.test.mjs	edited	M	declared	S10	N	-1621 +1624	1/9	declared edited: test/cell bytes
rebuild/m3/w7-preview/today/test/problem.test.mjs	edited	M	declared	S10	N	-3584 +3596	0/93	declared edited: test/cell bytes
rebuild/m3/w7-preview/today/test/setup.test.mjs	edited	M	declared	S10	N	-2365 +2365	1/9	declared edited: test/cell bytes
rebuild/m4/import/local-source-profile.cjs	edited	M	declared	S10	R	-16 +16	1/1	declared edited: re-pin (hex digests only)
rebuild/m4/import/test/engine-pins-unprotected.test.cjs	new	A	declared	S10	N	-0 +1	0/34	declared new: new file
rebuild/m4/import/test/s3/s3-portable-sources.json	new	M	declared	S10	R	-130 +130	1/1	declared new: re-pin (hex digests only)
rebuild/m4/import/test/s3/s3-portable-sources.json	new	M	declared	S10	R	-138 +138	1/1	declared new: re-pin (hex digests only)
rebuild/m4/import/test/s3/s3-portable-sources.json	new	M	declared	S10	R	-318 +318	1/1	declared new: re-pin (hex digests only)
rebuild/m4/import/test/s3/s3-portable-sources.json	new	M	declared	S10	R	-418 +418	1/1	declared new: re-pin (hex digests only)
rebuild/m4/spec/configured-history-candidate/run.cjs	new	M	declared	S10	R	-24 +24	1/1	declared new: re-pin (hex digests only)
rebuild/m4/workout/engine-capture.cjs	new	M	declared	S10	N	-69 +69	1/1	declared new: product/tooling bytes
rebuild/m4/workout/test/configuration-capture.test.cjs	new	M	declared	S10	N	-79 +79	2/5	declared new: test/cell bytes
rebuild/m4/workout/test/engine-capture-proposed.test.cjs	new	A	declared	S10	N	-0 +1	0/156	declared new: new file
rebuild/m4/workout/test/engine-capture.test.cjs	new	M	declared	S10	N	-80 +80	2/7	declared new: test/cell bytes
rebuild/m4/workout/test/s10-engine-files-differential.cjs	new	A	declared	S10	N	-0 +1	0/129	declared new: new file
rebuild/m4/workout/test/s10-supersede-defect-witnesses.test.cjs	new	A	declared	S10	N	-0 +1	0/211	declared new: new file
rebuild/m4/workout/test/s10-supersede-inherited-carriers.test.cjs	new	A	declared	S10	N	-0 +1	0/178	declared new: new file
rebuild/m4/workout/test/s10-supersede-second-gate.test.cjs	new	A	declared	S10	N	-0 +1	0/202	declared new: new file
rebuild/m4/workout/test/s10-supersede-source-carriers.test.cjs	new	A	declared	S10	N	-0 +1	0/231	declared new: new file
rebuild/m4/workout/test/s10-supersede-writers-differential.test.cjs	new	A	declared	S10	N	-0 +1	0/228	declared new: new file
